from,to,score
A,A,100
A,C,98
A,D,33
A,E,39
A,F,87
A,G,96
A,H,71
A,I,91
A,K,35
A,L,93
A,M,89
A,N,60
A,P,89
A,Q,64
A,R,13
A,S,94
A,T,98
A,V,94
A,W,98
A,Y,94
C,A,98
C,C,100
C,D,30
C,E,36
C,F,89
C,G,94
C,H,69
C,I,93
C,K,33
C,L,95
C,M,91
C,N,58
C,P,86
C,Q,62
C,R,11
C,S,91
C,T,95
C,V,96
C,W,99
C,Y,92
D,A,33
D,C,30
D,D,100
D,E,94
D,F,19
D,G,36
D,H,61
D,I,23
D,K,98
D,L,25
D,M,21
D,N,73
D,P,44
D,Q,68
D,R,81
D,S,39
D,T,35
D,V,26
D,W,31
D,Y,38
E,A,39
E,C,36
E,D,94
E,E,100
E,F,26
E,G,43
E,H,68
E,I,29
E,K,96
E,L,31
E,M,27
E,N,79
E,P,50
E,Q,74
E,R,74
E,S,45
E,T,41
E,V,33
E,W,37
E,Y,44
F,A,87
F,C,89
F,D,19
F,E,26
F,F,100
F,G,83
F,H,58
F,I,96
F,K,22
F,L,94
F,M,98
F,N,47
F,P,76
F,Q,51
F,R,0
F,S,81
F,T,84
F,V,93
F,W,89
F,Y,81
G,A,96
G,C,94
G,D,36
G,E,43
G,F,83
G,G,100
G,H,75
G,I,87
G,K,39
G,L,89
G,M,85
G,N,64
G,P,93
G,Q,68
G,R,17
G,S,98
G,T,99
G,V,90
G,W,94
G,Y,98
H,A,71
H,C,69
H,D,61
H,E,68
H,F,58
H,G,75
H,H,100
H,I,62
H,K,64
H,L,64
H,M,60
H,N,89
H,P,83
H,Q,93
H,R,42
H,S,78
H,T,74
H,V,65
H,W,69
H,Y,77
I,A,91
I,C,93
I,D,23
I,E,29
I,F,96
I,G,87
I,H,62
I,I,100
I,K,26
I,L,98
I,M,98
I,N,51
I,P,79
I,Q,55
I,R,4
I,S,84
I,T,88
I,V,97
I,W,93
I,Y,85
K,A,35
K,C,33
K,D,98
K,E,96
K,F,22
K,G,39
K,H,64
K,I,26
K,K,100
K,L,27
K,M,24
K,N,75
K,P,46
K,Q,71
K,R,78
K,S,41
K,T,38
K,V,29
K,W,33
K,Y,41
L,A,93
L,C,95
L,D,25
L,E,31
L,F,94
L,G,89
L,H,64
L,I,98
L,K,27
L,L,100
L,M,96
L,N,52
L,P,81
L,Q,57
L,R,6
L,S,86
L,T,90
L,V,99
L,W,94
L,Y,87
M,A,89
M,C,91
M,D,21
M,E,27
M,F,98
M,G,85
M,H,60
M,I,98
M,K,24
M,L,96
M,M,100
M,N,49
M,P,78
M,Q,53
M,R,2
M,S,83
M,T,86
M,V,95
M,W,91
M,Y,83
N,A,60
N,C,58
N,D,73
N,E,79
N,F,47
N,G,64
N,H,89
N,I,51
N,K,75
N,L,52
N,M,49
N,N,100
N,P,71
N,Q,96
N,R,53
N,S,66
N,T,63
N,V,54
N,W,58
N,Y,66
P,A,89
P,C,86
P,D,44
P,E,50
P,F,76
P,G,93
P,H,83
P,I,79
P,K,46
P,L,81
P,M,78
P,N,71
P,P,100
P,Q,76
P,R,24
P,S,95
P,T,91
P,V,83
P,W,87
P,Y,94
Q,A,64
Q,C,62
Q,D,68
Q,E,74
Q,F,51
Q,G,68
Q,H,93
Q,I,55
Q,K,71
Q,L,57
Q,M,53
Q,N,96
Q,P,76
Q,Q,100
Q,R,49
Q,S,71
Q,T,67
Q,V,58
Q,W,63
Q,Y,70
R,A,13
R,C,11
R,D,81
R,E,74
R,F,0
R,G,17
R,H,42
R,I,4
R,K,78
R,L,6
R,M,2
R,N,53
R,P,24
R,Q,49
R,R,100
R,S,19
R,T,16
R,V,7
R,W,11
R,Y,19
S,A,94
S,C,91
S,D,39
S,E,45
S,F,81
S,G,98
S,H,78
S,I,84
S,K,41
S,L,86
S,M,83
S,N,66
S,P,95
S,Q,71
S,R,19
S,S,100
S,T,96
S,V,88
S,W,92
S,Y,99
T,A,98
T,C,95
T,D,35
T,E,41
T,F,84
T,G,99
T,H,74
T,I,88
T,K,38
T,L,90
T,M,86
T,N,63
T,P,91
T,Q,67
T,R,16
T,S,96
T,T,100
T,V,91
T,W,96
T,Y,97
V,A,94
V,C,96
V,D,26
V,E,33
V,F,93
V,G,90
V,H,65
V,I,97
V,K,29
V,L,99
V,M,95
V,N,54
V,P,83
V,Q,58
V,R,7
V,S,88
V,T,91
V,V,100
V,W,96
V,Y,88
W,A,98
W,C,99
W,D,31
W,E,37
W,F,89
W,G,94
W,H,69
W,I,93
W,K,33
W,L,94
W,M,91
W,N,58
W,P,87
W,Q,63
W,R,11
W,S,92
W,T,96
W,V,96
W,W,100
W,Y,93
Y,A,94
Y,C,92
Y,D,38
Y,E,44
Y,F,81
Y,G,98
Y,H,77
Y,I,85
Y,K,41
Y,L,87
Y,M,83
Y,N,66
Y,P,94
Y,Q,70
Y,R,19
Y,S,99
Y,T,97
Y,V,88
Y,W,93
Y,Y,100
